{
    "parent": "item/generated",
    "textures": {
        "layer0": "items/leather"
    },
    "display": {
        "ground": {
            "rotation": [ 0, 0, 0 ],
            "translation": [ 0, 2.5, 0],
            "scale":[ 0.5, 0.5, 0.5 ]
        },
		"fixed": {
            "rotation": [ 0, 180, 0 ],
            "translation": [ 0, 0, 1.0 ],
            "scale": [ 4.5, 5, 2.5 ]
        },
        "gui": {
            "rotation": [ 0, -45, 0 ],
            "translation": [ 0, 0, 0 ],
            "scale": [ 2, 2, 0.5 ]
        }
    }
}
